author,title,description,url,source,category,language,country,published_at,full_text,sentiment
Marija MilutinoviÄ‡,PlenkoviÄ‡ danas sa Å¡tabom o situaciji sa korona virusom: MoguÄ‡e uvoÄ‘enje novih mera,"Na prvoj sednici hrvatske vlade nakon godiÅ¡njeg odmora premijer Andrej PlenkoviÄ‡ je zahvalio vatrogascima, policiji, vojsci i HGS S-u, koji su se proteklih meseci borili sa mnogim poÅ¾arima i najavio da Ä‡e danas sa Å tabom civilne zaÅ¡tite razgovarati o moguÄ‡im merama zaÅ¡tite od korona virusa u narednom periodu.",https://www.telegraf.rs/vesti/jugosfera/3542873-plenkovic-danas-sa-stabom-o-situaciji-sa-korona-virusom-moguce-uvodjenje-novih-mera,Telegraf,general,en,rs,2022-08-18T10:16:23+00:00,"Na prvoj sednici hrvatske vlade nakon godiÅ¡njeg odmora premijerAndrej PlenkoviÄ‡je zahvalio vatrogascima, policiji, vojsci i HGS S-u, koji su se proteklih meseci borili sa mnogim poÅ¾arima i najavio da Ä‡e danas sa Å tabom civilne zaÅ¡tite razgovarati o moguÄ‡im merama zaÅ¡tite od korona virusa u narednom periodu.
- Po broju novozaraÅ¾enih, hospitalizovanih i preminulih imamo jasno signale da moramo biti itekako oprezni. Virus je i dalje tu i opasan je za one najosetljivije. VaÅ¾no je da se svi ponaÅ¡aju prema preporukama - rekao je premijer na otvorenom delu sednice.
Å to se letne sezone tiÄe, PlenkoviÄ‡ je rekao da je Hrvatska ove godine ostvarila za dva odsto veÄ‡e prihode u odnosu na 2019. godinu.
(Telegraf.rs)
PoÅ¡aljite nam VaÅ¡e snimke, fotografije i priÄe na broj telefona+381
                    64 8939257(WhatsApp/Viber/Telegram).
Telegraf.rs zadrÅ¾ava sva prava nad sadrÅ¾ajem. Za preuzimanje sadrÅ¾aja
            pogledajte uputstva na straniciUslovi
                koriÅ¡Ä‡enja.
Da li Å¾elite da dobijate obaveÅ¡tenja o najnovijim vestima?",Positive
MiloÅ¡ DojÄinoviÄ‡,"PlenkoviÄ‡ brani pilote koji su optuÅ¾eni za bombardovanje izbegliÄkih kolona: ""To nije prihvatljivo""","Hrvatski premijer Andrej PlenkoviÄ‡ poruÄio je danas u Kninu da najavljene optuÅ¾nice iz Beograda protiv hrvatskih pilota nisu prihvatljive za zvaniÄni Zagreb, tim pre jer, kako je naveo, ""dolaze iz drÅ¾ave koja je pokrenula agresiju na Hrvatsku i koja ne priznaje svoju odgovornost u zloÄinaÄkom poduhvatu MiloÅ¡eviÄ‡evog reÅ¾ima"".",https://www.telegraf.rs/vesti/jugosfera/3536859-plenkovic-brani-pilote-koji-su-optuzeni-za-bombardovanje-izbeglickih-kolona-to-nije-prihvatljivo,Telegraf,general,en,rs,2022-08-05T09:29:07+00:00,"Hrvatski premijerAndrej PlenkoviÄ‡poruÄio je danas u Kninu danajavljene optuÅ¾nice iz Beograda protiv hrvatskih pilotanisu prihvatljive za zvaniÄni Zagreb, tim pre jer, kako je naveo, ""dolaze iz drÅ¾ave koja je pokrenula agresiju na Hrvatsku i koja ne priznaje svoju odgovornost u zloÄinaÄkom poduhvatu MiloÅ¡eviÄ‡evog reÅ¾ima"".
Ova poruka PlenkoviÄ‡a na obeleÅ¾avanju 27. godiÅ¡njice od oruÅ¾ane akcije Oluja, tokom koje je iz Hrvatske proterano 250.000 Srbija, dok je 2.000 poginulo ili se i danas vode kao nestali, propraÄ‡ena je snaÅ¾nim aplauzom prisutnih na kninskom stadionu Dinara, prenosi Tanjug.
On je rekao da se ponavljaju pokuÅ¡aji da se Hrvatska prikaÅ¾e i optuÅ¾i za proterivanje srpskog stanovniÅ¡tva sa hrvatske teritorije, Å¡to tvrdi nije taÄno, te da je poznato da su na to bili podstaknuti od rukovodstva iz Beograda.
- Vlada Ä‡e Ävrsto kao uvek do sada Å¡titi hrvatske branitelje, pilote i ratne optuÅ¾enike i neÄ‡e dozvoliti da se na bilo koji naÄin dovedu u pitanje niti da se otpuÅ¾uju naÅ¡i ratni heroji -rekao je PlenkoviÄ‡.
OptuÅ¾io je Srbiju za nesaradnju po pitanju, kako je rekao progona ratnih zloÄinaca, pitanju hrvatskih logoraÅ¡a i nestalih.
Uverava da Ä‡e Hrvatska raditi na saradnji i miru i da Ä‡e, kako je kazao, Å¡titi prava svih nacionalnih manjina, ukljuÄujuÄ‡i i srpsku Äiji predstavici su u saboru i hrvatskoj vladi.
Podsetimo,KriviÄno vanpretresno veÄ‡e ViÅ¡eg suda u Beogradu, Odeljenje za ratne zloÄine na sednici veÄ‡a odrÅ¾anoj 3. juna 2022. godine donelo je reÅ¡enje o potvrÄ‘ivanju optuÅ¾nice TuÅ¾ilaÅ¡tva za ratne zloÄine, koja je podignuta protiv okrivljenog Vladimira Mikca i drugih zbog izvrÅ¡enja kriviÄnog dela ratni zloÄin protiv civilnog stanovniÅ¡tva u saizvrÅ¡ilaÅ¡tvu za akciju ""Oluja"".
IspitujuÄ‡i optuÅ¾nicu TuÅ¾ilaÅ¡tva za ratne zloÄine kriviÄno vanpretresno veÄ‡e je stalo na stanoviÅ¡te da dokazi i podaci prikupljeni u dosadaÅ¡njem toku postupka, pruÅ¾aju dovoljan osnov za izvoÄ‘enje zakljuÄka o postojanju opravdane sumnje da su okrivljeni preduzeli radnje iz ÄinjeniÄnog opisa kriviÄnog dela koje im se optuÅ¾nicom stavlja na teret, odnosno da su ispunjeni neophodni materijalni uslovi za optuÅ¾enje u konkretnom sluÄaju.
(Telegraf.rs)
PoÅ¡aljite nam VaÅ¡e snimke, fotografije i priÄe na broj telefona+381
                    64 8939257(WhatsApp/Viber/Telegram).
Telegraf.rs zadrÅ¾ava sva prava nad sadrÅ¾ajem. Za preuzimanje sadrÅ¾aja
            pogledajte uputstva na straniciUslovi
                koriÅ¡Ä‡enja.
Sta reci o njima.Sve negiraju, a ustvari duboko u sebi znaju da su i oni Srbi i to ih najvise boli tj. da nemaju svoj identitet
Pa normalno, normalni ljudi brane svoje, samo mi nase junake dasmo u hag, to je nasa sramota koja se nikad nece izbrisati...
Svi postuju,brane i placaju svoje ""branitelje"",osim Srbije,mi se sa nasom ""drzavom"" sudimo za crkavicu,umesto da imamo zasluzne penzije,kao recimo Lepa Lukic,Miroslav Ilic i ostala bulumenta..
Da li Å¾elite da dobijate obaveÅ¡tenja o najnovijim vestima?",Positive
Dragana SimiÄ‡,"Hrvatski ministar finansija podnosi ostavku: ""Odlazi na sopstvenu inicijativu""","Hrvatski ministar finansija Zdravko MariÄ‡ odlazi iz Vlade, a premijer Andrej PlenkoviÄ‡ Ä‡e za tu funkciju predloÅ¾iti Marka Primorca, potvrÄ‘eno je veÄeras iz hrvatske vlade.",https://www.telegraf.rs/vesti/jugosfera/3523127-hrvatski-ministar-finansija-podnosi-ostavku-odlazi-na-sopstvenu-inicijativu,Telegraf,general,en,rs,2022-07-05T22:32:00+00:00,"Hrvatski ministar finansija Zdravko MariÄ‡ odlazi iz Vlade,a premijerAndrej PlenkoviÄ‡Ä‡e za tu funkciju predloÅ¾iti Marka Primorca, potvrÄ‘eno je veÄeras iz hrvatske vlade.
- TaÄno je da Zdravko MariÄ‡na sopstvenu inicijativu odlazi sa mesta potpredsednika Vlade i ministra finansija. Predsednik Vlade Ä‡e o tome sutra obavestiti Älanove Vlade i parlamentarne veÄ‡ine - rekao je portparol vlade Marko MiliÄ‡, prenosi Hina.
Zdravko MariÄ‡ postao je ministar finansija 2016. godine, a od 2019. i potpredsednik Vlade Hrvatske.
Prethodno je od 2008. do 2012. godine bio drÅ¾avni sekretar u u Ministarstvu finansija.
MariÄ‡ odlazi nakon Å¡to je proÅ¡log meseca izbila afera zbog njegovog boravka na produÅ¾enom vikendu u hotelu ""Belvi"" u Malom LoÅ¡inju 2019. godine, piÅ¡e Index.hr.
Kako je otkrio portal ""OÅ¡tro"", on je smeÅ¡taj za dve odrasle osobe i dvoje dece tada platio 291.20 evra za noÄ‡, Å¡to predstavlja tri puta niÅ¾u cenu od uobiÄajene za to doba godine.
(Telegraf.rs)
PoÅ¡aljite nam VaÅ¡e snimke, fotografije i priÄe na broj telefona+381
                    64 8939257(WhatsApp/Viber/Telegram).
Telegraf.rs zadrÅ¾ava sva prava nad sadrÅ¾ajem. Za preuzimanje sadrÅ¾aja
            pogledajte uputstva na straniciUslovi
                koriÅ¡Ä‡enja.
Kad i koji je ministar kod nas podneo ostavku? Molim odgovor
Da li Å¾elite da dobijate obaveÅ¡tenja o najnovijim vestima?",Neutral
,EU-leiders akkoord over uitbreiding eurozone met KroatiÃ«,"De eurozone van nu negentien landen wordt per 1 januari uitgebreid met KroatiÃ«, hebben de Europese leiders tijdens hun top in Brussel bekendgemaakt. Het Balkanland treedt volgend jaar toe en zal de gemeenschappelijke euro invoeren. De huidige nationale munt, de kuna, wordt dan afgeschaft. De Kroatische premier Andrej PlenkoviÄ‡ noemt het besluit â€˜een excellent signaal voor onze economieâ€™. â€˜We zijn er klaar voorâ€™, zei hij in Brussel.",https://www.nd.nl/nieuws/varia/1130671/eu-leiders-akkoord-over-uitbreiding-eurozone-met-kroatie,nd,general,nl,nl,2022-06-24T12:54:18+00:00,[ERROR: 403 Client Error: Forbidden for url: https://www.nd.nl/nieuws/varia/1130671/eu-leiders-akkoord-over-uitbreiding-eurozone-met-kroatie],NA
fm,President says Russia sanctions should not hurt EU,"President Nicos Anastasiades has told BrusselsÂ that sanctions on Russia should not have a bigger impact on EU member states than on Moscow. He took part inÂ a videoconference on Monday, convened by European Council head Charles Michel with Swedish premier Magdalena Andersson, Austrian Chancellor Karl Nehammer and Croatian premier Andrej PlenkoviÄ‡. The videoconference took place ahead of the extraordinary EU Council in Brussels on 30-31 May. Government spokesperson Marios Pelekanos said that Michel and the EU heads of states and governments discussed the situation in Ukraine and food security...",https://www.financialmirror.com/2022/05/24/president-says-russia-sanctions-should-not-hurt-eu/,financialmirror,general,en,us,2022-05-24T07:36:05+00:00,"President Nicos Anastasiades has told BrusselsÂ that sanctions on Russia should not have a bigger impact on EU member states than on Moscow.
He took part inÂ a videoconference on Monday, convened by European Council head Charles Michel with Swedish premier Magdalena Andersson, Austrian Chancellor Karl Nehammer and Croatian premier Andrej PlenkoviÄ‡.
The videoconference took place ahead of the extraordinary EU Council in Brussels on 30-31 May.
Government spokesperson Marios Pelekanos said that Michel and the EU heads of states andgovernmentsdiscussed the situation in Ukraine and food security.
The President argued that diplomatic efforts should continue for a ceasefire and for conditions of peace and stability to return in Ukraine and the region.
Although sanctions on Russia will not be debated during EUCO, the President urged EU leaders to stay united in their stance and to keep supporting measures that will lead to the end of the Ukraine war.
He said sanctions should be well thought out and lead to pressure on Russia and not have greaterÂ fiscal consequences on EU states dependent on Russian energy.
Also on the agenda of the videoconference was the EUâ€™s defence industry competitiveness and cooperation between member states in the armaments sector.
Anastasiades saidCyprus supportsall efforts and steps that would lead to the EUâ€™s strategic autonomy.
On food crisis and security due to the Ukrainian war, the President called for support to the agriculture sector and expressed fears that might arise from wheat and grain shortages in Africa and countries of the Middle East.

Financial markets are showing a deeply concerning level of complacency
The Japanese Yen remains on the back foot against its
The euro-dollar currency pair extended its gains for the fourth
The risk of an attack on the British bases in
Financialmirror.com is the leading English-language business news site in Cyprus, reporting on business, the economy, energy and shipping. The Financial Mirror weekly newspaper was established in 1993 and is the primary source of news and analysis about the Cyprus economy.
Contact Us:[emailÂ protected]
Copyright Â©2022 Financial Mirror. All Rights Reserved
Website Developed byCloudtech.com.cy
We are using cookies to give you the best experience on our website.
You can find out more about which cookies we are using or switch them off insettings.
What Are Cookies
As is common practice with almost all professional websites, our site uses cookies, which are tiny files that are downloaded to your device, to improve your experience.
This document describes what information they gather, how we use it and why we sometimes need to store these cookies. We will also share how you can prevent these cookies from being stored however this may downgrade or â€˜breakâ€™ certain elements of the sites functionality.
How We Use Cookies
We use cookies for a variety of reasons detailed below. Unfortunately, in most cases there are no industry standard options for disabling cookies without completely disabling the functionality and features they add to the site. It is recommended that you leave on all cookies if you are not sure whether you need them or not, in case they are used to provide a service that you use.
The types of cookies used on this website can be classified into one of three categories:
Disabling Cookies
You can prevent the setting of cookies by adjusting the settings on your browser (see your browserâ€™s â€œHelpâ€ option on how to do this). Be aware that disabling cookies may affect the functionality of this and many other websites that you visit. Therefore, it is recommended that you do not disable cookies.
Third Party Cookies
In some special cases we also use cookies provided by trusted third parties. Our site uses [Google Analytics] which is one of the most widespread and trusted analytics solutions on the web for helping us to understand how you use the site and ways that we can improve your experience. These cookies may track things such as how long you spend on the site and the pages that you visit so that we can continue to produce engaging content. For more information on Google Analytics cookies, see the official Google Analytics page.
Google Analytics
Google Analytics is Googleâ€™s analytics tool that helps our website to understand how visitors engage with their properties. It may use a set of cookies to collect information and report website usage statistics without personally identifying individual visitors to Google. The main cookie used by Google Analytics is the â€˜__gaâ€™ cookie.
In addition to reporting website usage statistics, Google Analytics can also be used, together with some of the advertising cookies, to help show more relevant ads on Google properties (like Google Search) and across the web and to measure interactions with the ads Google shows.
Learn more about Analytics cookies and privacy information.
Use of IP Addresses.Â An IP address is a numeric code that identifies your device on the Internet. We might use your IP address and browser type to help analyze usage patterns and diagnose problems on this website and to improve the service we offer to you. But without additional information your IP address does not identify you as an individual.
Your Choice.Â When you accessed this website, our cookies were sent to your web browser and stored on your device. By using our website,Â you agree to the use of cookies and similar technologies.
More Information
Hopefully the above information has clarified things for you. As it was previously mentioned, if you are not sure whether you want to allow the cookies or not, it is usually safer to leave cookies enabled in case it interacts with one of the features you use on our site. However, if you are still looking for more information, then feel free to contact us via email at[emailÂ protected]
Strictly Necessary Cookie should be enabled at all times so that we can save your preferences for cookie settings.
If you disable this cookie, we will not be able to save your preferences. This means that every time you visit this website you will need to enable or disable cookies again.",Neutral
Kristina Å ormaz,"Oglasio se PlenkoviÄ‡ na sednici Vlade: IzraÅ¾avamo sauÄeÅ¡Ä‡e porodici Mateja PeriÅ¡a, hvala policiji Srbije",Hrvatski premijer Andrej PlenkoviÄ‡ je na danaÅ¡njoj sednici Vlade izrazio sauÄeÅ¡Ä‡e porodici Mateja PeriÅ¡a.,https://www.telegraf.rs/vesti/jugosfera/3500620-oglasio-se-plenkovic-na-sednici-vlade-izrazavamo-saucesce-porodici-mateja-perisa-hvala-policiji-srbije,Telegraf,general,en,rs,2022-05-19T10:35:50+00:00,"Hrvatski premijerAndrej PlenkoviÄ‡je na danaÅ¡njoj sednici Vlade izrazio sauÄeÅ¡Ä‡e porodiciMateja PeriÅ¡a.
- Nakon zvaniÄne informacije pre sednice Vlade koju smo primili iz Beograda da izrazimo joÅ¡ jednom sauÄeÅ¡Ä‡e porodici Mateja PeriÅ¡a. Prema informacijama nakon DNK analize i obdukcije tela utvrÄ‘eno je da je reÄ upravo o njemu - rekao je PlenkoviÄ‡.
- Ja sam juÄe razgovarao sa njegovim ocem, Å¾ao nam je da se to dogodilo. Zahvaljujem policiji Srbije na saradnji u proteklim mesecima. Tamo je i predstavnik hrvatske policije, od juÄe, od kada smo dobili tu informaciju. JoÅ¡ jedan put, u ime cele Vlade izraÅ¾avamo sauÄeÅ¡Ä‡e nakon ovog tragiÄnog dogaÄ‘aja - dodao je PlenkoviÄ‡.
Podsetimo,prema prvim nezvaniÄnim informacijama, DNK analiza potvrdila je da je telo pronaÄ‘eno u Dunavu kod Ade Huje telo Mateja PeriÅ¡a. DNK je raÄ‘en po nalogu ViÅ¡eg javnog tuÅ¾ilaÅ¡tva u Beogradu.
Telo mladiÄ‡a pronaÅ¡ao je kapetan broda, Milovan ZelenoviÄ‡.
I otac Mateja PeriÅ¡a, Nenad PeriÅ¡, potvrdio je za Telegraf.rs da ga je srpska policija obavestila o tome da je u Dunavu kod Ada Huje pronaÄ‘eno telo mladiÄ‡a, koje po opisu i garderobi odgovara njegovom sinu.
Matej PeriÅ¡ je nestao u noÄ‡i izmeÄ‘u 30. i 31. decembra.
(Telegraf.rs)
PoÅ¡aljite nam VaÅ¡e snimke, fotografije i priÄe na broj telefona+381
                    64 8939257(WhatsApp/Viber/Telegram).
Telegraf.rs zadrÅ¾ava sva prava nad sadrÅ¾ajem. Za preuzimanje sadrÅ¾aja
            pogledajte uputstva na straniciUslovi
                koriÅ¡Ä‡enja.
Gospode Veliki Boze moj. .Tuzno mnogo. Saucesce familiji tugooooo
Jako mi je zao saucesce Familiji .
Nadali smo se svi lepsem zavrsetku. Svi smo potreseni.  Mateji poslednji pozdrav iz Beograda. Porodici saucesce.
Da li Å¾elite da dobijate obaveÅ¡tenja o najnovijim vestima?",Positive
fm,Landmark visit diplomatic boost for Cyprus-Croatia ties,"Strengthening bilateral relations between EU friends Cyprus and Croatia while supporting Ukraine are key messages for Croatian Prime Minister Andrej PlenkoviÄ‡ during his landmark official visit. It is the first-ever official visit of a Croatian Prime Minister to Cyprus, celebrating the 30thÂ anniversary of establishing diplomatic relations. &#8220;I wish to reaffirm the high importance that my Government and I personally attach to further enhancing our relationship, which draws its strength from a common adherence to democratic values and norms and a genuine friendship&#8221;, said President...",https://www.financialmirror.com/2022/05/11/landmark-visit-diplomatic-boost-for-cyprus-croatia-ties/,financialmirror,general,en,us,2022-05-11T10:27:19+00:00,"Strengthening bilateral relations between EU friends Cyprus and Croatia while supporting Ukraine are key messages for Croatian Prime Minister Andrej PlenkoviÄ‡ during his landmark official visit.
It is the first-ever official visit of a Croatian Prime Minister to Cyprus, celebrating the 30thÂ anniversary of establishing diplomatic relations.
â€œI wish to reaffirm the high importance that my Government and I personally attach to further enhancing our relationship, which draws its strength from a common adherence to democratic values and norms and a genuine friendshipâ€, said President Nicos Anastasiades.
He said Prime MinisterÂ PlenkoviÄ‡ is a dedicated European with whom he has a strong convergence of viewsÂ â€œstemming from our pursuit to make the European Union stronger and more cohesive in an ever-changing international environmentâ€.
Anastasiades said almost three months after the Russianinvasion of Ukraine, the situation remains unpredictable.
The Prime MinisterÂ said he and President Anastasiades â€œhave been friends for almost six yearsâ€.
He said Croats and Cypriots are linked with the Mediterranean, culturally and historically.
â€œIt is important to use this opportunity of the first official visit of a Croatian Prime Minister to Cyprus to put forward all the ideas and potential of our cooperation that I am sure will gain a new momentum after the visit,â€ PlenkoviÄ‡ said.
He underlined that Cyprus and Croatia had a similar struggle for independence and had to make their voice heard in the international community.
â€œCroatia also had its territories occupied in the 90s; therefore, weÂ understand the pain and difficult moments you are going through.â€
He said that the situation in Croatia was resolved through negotiations, through the involvement of the United Nations and with a lot of political will, determination, and ability.
â€œWe would like to extend this know-how to similar situations, and one of them is the one you have here.
â€œAnd that is why we have always been by your side in the international fora, in the UN, in the debates and other international organisations fully supporting your positions because we understand them, and they are in accordance with the values and the principles that we share.
â€œWe are all witnessing the incredible violation of international law and international order as we know it by Russia against Ukraine.
â€œWe should work jointly on solutions that put together our national efforts and our joint European efforts because a big problem requires big solutions, creative minds and a lot of cooperationâ€.
He said that Croatia supports the various packages andrestrictive measuresand sanctions against Russia that the EU has adopted and will continue to do so.
He also noted the importance of concluding the Agreement on Avoidance of Double Taxation, pointing out that everything should be ready by next November.
He said that direct flights would facilitate tourism.
The Croatian Prime Minister also discussed cooperation in the energy field, given the spike of the energy crisis after Russiaâ€™s invasion.
He said both countries could explore ways to benefit from each otherâ€™s potential when it comes to gas, pipelines, and other investments.


Financial markets are showing a deeply concerning level of complacency
The Japanese Yen remains on the back foot against its
The euro-dollar currency pair extended its gains for the fourth
The risk of an attack on the British bases in
Financialmirror.com is the leading English-language business news site in Cyprus, reporting on business, the economy, energy and shipping. The Financial Mirror weekly newspaper was established in 1993 and is the primary source of news and analysis about the Cyprus economy.
Contact Us:[emailÂ protected]
Copyright Â©2022 Financial Mirror. All Rights Reserved
Website Developed byCloudtech.com.cy
We are using cookies to give you the best experience on our website.
You can find out more about which cookies we are using or switch them off insettings.
What Are Cookies
As is common practice with almost all professional websites, our site uses cookies, which are tiny files that are downloaded to your device, to improve your experience.
This document describes what information they gather, how we use it and why we sometimes need to store these cookies. We will also share how you can prevent these cookies from being stored however this may downgrade or â€˜breakâ€™ certain elements of the sites functionality.
How We Use Cookies
We use cookies for a variety of reasons detailed below. Unfortunately, in most cases there are no industry standard options for disabling cookies without completely disabling the functionality and features they add to the site. It is recommended that you leave on all cookies if you are not sure whether you need them or not, in case they are used to provide a service that you use.
The types of cookies used on this website can be classified into one of three categories:
Disabling Cookies
You can prevent the setting of cookies by adjusting the settings on your browser (see your browserâ€™s â€œHelpâ€ option on how to do this). Be aware that disabling cookies may affect the functionality of this and many other websites that you visit. Therefore, it is recommended that you do not disable cookies.
Third Party Cookies
In some special cases we also use cookies provided by trusted third parties. Our site uses [Google Analytics] which is one of the most widespread and trusted analytics solutions on the web for helping us to understand how you use the site and ways that we can improve your experience. These cookies may track things such as how long you spend on the site and the pages that you visit so that we can continue to produce engaging content. For more information on Google Analytics cookies, see the official Google Analytics page.
Google Analytics
Google Analytics is Googleâ€™s analytics tool that helps our website to understand how visitors engage with their properties. It may use a set of cookies to collect information and report website usage statistics without personally identifying individual visitors to Google. The main cookie used by Google Analytics is the â€˜__gaâ€™ cookie.
In addition to reporting website usage statistics, Google Analytics can also be used, together with some of the advertising cookies, to help show more relevant ads on Google properties (like Google Search) and across the web and to measure interactions with the ads Google shows.
Learn more about Analytics cookies and privacy information.
Use of IP Addresses.Â An IP address is a numeric code that identifies your device on the Internet. We might use your IP address and browser type to help analyze usage patterns and diagnose problems on this website and to improve the service we offer to you. But without additional information your IP address does not identify you as an individual.
Your Choice.Â When you accessed this website, our cookies were sent to your web browser and stored on your device. By using our website,Â you agree to the use of cookies and similar technologies.
More Information
Hopefully the above information has clarified things for you. As it was previously mentioned, if you are not sure whether you want to allow the cookies or not, it is usually safer to leave cookies enabled in case it interacts with one of the features you use on our site. However, if you are still looking for more information, then feel free to contact us via email at[emailÂ protected]
Strictly Necessary Cookie should be enabled at all times so that we can save your preferences for cookie settings.
If you disable this cookie, we will not be able to save your preferences. This means that every time you visit this website you will need to enable or disable cookies again.",Positive
Marija MilutinoviÄ‡,PlenkoviÄ‡ uoÄi Dana pobede posetio Kijev: Hrvatska nastavlja da pruÅ¾a podrÅ¡ku Ukrajini,"Predsednik hrvatske Vlade Andrej PlenkoviÄ‡ danas je doputovao u Kijev gde Ä‡e odrÅ¾ati sastanke sa predsednikom Ukrajine Volodimirom Zelenskim, predsednikom Vlade Denisom Å mihalom i predsednikom Vrhovne Rade Ruslanom StefanÄukom, saopÅ¡tila je hrvatska Vlada.",https://www.telegraf.rs/vesti/svet/3495243-plenkovic-uoci-dana-pobede-posetio-kijev-hrvatska-nastavlja-da-pruza-podrsku-ukrajini,Telegraf,general,en,rs,2022-05-08T09:55:50+00:00,"Predsednik hrvatske VladeAndrej PlenkoviÄ‡danas je doputovao u Kijev gde Ä‡e odrÅ¾ati sastanke sa predsednikom UkrajineVolodimirom Zelenskim, predsednikom Vlade Denisom Å mihalom i predsednikom Vrhovne Rade Ruslanom StefanÄukom, saopÅ¡tila je hrvatska Vlada.
Sa njim je u poseti Kijevu i ministar spoljnih i evropskih poslova Gordan GrliÄ‡ Radman.
- Hrvatska nastavlja da pruÅ¾a politiÄku, diplomatsku, finansijsku, humanitarnu, tehniÄku i svaku drugu moguÄ‡u podrÅ¡ku Ukrajini, kao i pomoÄ‡ u zbrinjavanju ukrajinskih izbjeglica - navodi se u saopÅ¡tenju.
Na sastancima Ä‡e ukrajinski drÅ¾avni vrh upoznati PlenkoviÄ‡a sa posledicama razaranja usled ruskih napada, a razgovaraÄ‡e se i o daljoj pomoÄ‡i i nastavku evropskog puta Ukrajine.
- Poseta PlenkoviÄ‡a Ukrajini odvija se uoÄi Dana pobede i predstavlja izraz solidarnosti i podrÅ¡ke ukrajinskim vlastima i prijateljskom ukrajinskom narodu, koji je Å¾rtva brutalne ruske agresije - piÅ¡e u saopÅ¡tenju.
Predsjednika Vlade PlenkoviÄ‡a i ministra GrliÄ‡a Radmana doÄekala je ambasadorka Anica DjamiÄ‡, koja se zbog ove posete vratila u Kijev, gde Ä‡e ostati i nastaviti da vodi Ambasadu RH u Ukrajini.
(Telegraf.rs)
PoÅ¡aljite nam VaÅ¡e snimke, fotografije i priÄe na broj telefona+381
                    64 8939257(WhatsApp/Viber/Telegram).
Telegraf.rs zadrÅ¾ava sva prava nad sadrÅ¾ajem. Za preuzimanje sadrÅ¾aja
            pogledajte uputstva na straniciUslovi
                koriÅ¡Ä‡enja.
DoÅ¡li pajtosi iz II svetskog rata da proslave Dan pobede?pa ko koga zeza ovde? VeÄ‡ina hrvatske i dobar deo ukrajine je ratovao na strani nacista i oni slave Dan pobede?nemojte me zezati,gasim telefon i ne Äitam viÅ¡e vesti.
Nista cudno nacisti podrzavaju naciste
Nacisti se drÅ¾e
Da li Å¾elite da dobijate obaveÅ¡tenja o najnovijim vestima?",Negative
Marija MilutinoviÄ‡,PlenkoviÄ‡ saopÅ¡tio imena kandidata za nove Älanove vlade,"Hrvatski premijer Andrej PlenkoviÄ‡ predstavio je danas tri nova Älana Vlade, meÄ‘u kojima Anju Å impragu iz Samostalne demokratske srpske stranke (SDSS)",https://www.telegraf.rs/vesti/jugosfera/3490825-plenkovic-saopstio-imena-kandidata-za-nove-clanove-vlade,Telegraf,general,en,rs,2022-04-27T19:04:56+00:00,"Hrvatski premijerAndrej PlenkoviÄ‡predstavio je danas tri nova Älana Vlade, meÄ‘u kojima Anju Å impragu iz Samostalne demokratske srpske stranke (SDSS) koja Ä‡e kao potpredsednica Vlade zameniti svog stranaÄkog kolegu Borisa MiloÅ¡eviÄ‡a.
Posle sastanka vladajuÄ‡e veÄ‡ine, PlenkoviÄ‡ je novinarima rekao da Ä‡e uz Å impragu kao potpredsednicu, za nove ministre privrede i rada predloÅ¾iti Davora FilipoviÄ‡a i Marina PiletiÄ‡a, obojicu iz Hrvatske demokratske zajednice (HDZ).
Oni Ä‡e na tim mestima zameniti HDZ-ove ministre Josipa AladroviÄ‡a i Tomislava Ä†oriÄ‡a.
OÄekuje se da Ä‡e novi ministri biti izglasani u petak u Saboru.
Premijer je joÅ¡ krajem marta najavio rekonstrukciju Vlade poÅ¡to su se AladroviÄ‡ i MiloÅ¡eviÄ‡ naÅ¡li pod istragama Kancelarije za borbu protiv korupcije i organizovanog kriminala.
PlenkoviÄ‡ je danas rekao da su, ukoliko im se ne dokaÅ¾e krivica, vrata Vlade za njih otvorena, prenosi agencija Beta.
I odlazeÄ‡eg ministra Ä†oriÄ‡a mediji su pominjali u okviru nekih istraga, ali on Ä‡e, kako je rekao PlenkoviÄ‡, biti predloÅ¾en za viceguvernera Hrvatske narodne banke.
Kandidatkinja za potpredsednicu Vlade za druÅ¡tvene delatanosti i ljudska prava Anja Å impraga je poslanica u SDSS u Saboru. I u parlament je uÅ¡la kao zamena za MiloÅ¡eviÄ‡a.
RoÄ‘ena je 1987. u Kninu, a Agronomski fakultet zavrÅ¡ila je u Zagrebu. Mediji istiÄu njen govor u Saboru pre dve godine u kojem je opisala da je kao dete u izbegliÄkoj koloni proÅ¾ivela hrvatsku akciju ""Oluja"".
Kandidati za ministre dolaze iz vladajuÄ‡eg HDZ. PiletiÄ‡ je poslanik te stranke u Saboru i aktuelni gradonaÄelnik Novske, a FilipoviÄ‡ koji je bio stranaÄki kandidat za gradonaÄelnika Zagreba, na ministarsko mesto dolazi iz zagrebaÄke Gradske skupÅ¡tine.
(Telegraf.rs)
PoÅ¡aljite nam VaÅ¡e snimke, fotografije i priÄe na broj telefona+381
                    64 8939257(WhatsApp/Viber/Telegram).
Telegraf.rs zadrÅ¾ava sva prava nad sadrÅ¾ajem. Za preuzimanje sadrÅ¾aja
            pogledajte uputstva na straniciUslovi
                koriÅ¡Ä‡enja.
Da li Å¾elite da dobijate obaveÅ¡tenja o najnovijim vestima?",Positive
Kristina Å ormaz,PlenkoviÄ‡ razgovarao sa Zelenskim: Izrazio Å¾aljenje zbog svih Å¾rtava,Hrvatski premijer Andrej PlenkoviÄ‡ objavio je na Tviteru da je veÄeras razgovarao sa ukrajinskim predsednikom Volodimirom Zelenskim.,https://www.telegraf.rs/vesti/jugosfera/3486636-plenkovic-razgovarao-sa-zelenskim-izrazio-zaljenje-zbog-svih-zrtava,Telegraf,general,en,rs,2022-04-18T19:46:27+00:00,"Hrvatski premijerAndrej PlenkoviÄ‡objavio je na Tviteru da je veÄeras razgovarao sa ukrajinskim predsednikomVolodimirom Zelenskim.
PlenkoviÄ‡ je, kako kaÅ¾e, izrazio solidarnost sa ukrajinskim narodom i Å¾aljenje zbog svih Å¾rtava ""ruske agresije"".
VeÄeras ğŸ“ razgovor s@ZelenskyyUa. Izrazio sam solidarnost s ukrajinskim narodom te Å¾aljenje zbog svih Å¾rtava ruske agresije. ğŸ‡­ğŸ‡· Ä‡e osigurati dodatnu pomoÄ‡#Ukraine. SnaÅ¾no podupiremo intenziviranje pribliÅ¾avanja Ukrajine EU, sukladno naÅ¡oj izjavi u Kijevu iz prosinca 2021.â€” Andrej PlenkoviÄ‡ (@AndrejPlenkovic)April 18, 2022

- Hrvatska Ä‡e obezbediti dodatnu pomoÄ‡ Ukrajini. SnaÅ¾no podupiremo intenziviranjepribliÅ¾avanja Ukrajine EU, u skladu sa naÅ¡om izjavom u Kijevu iz decembra 2021. godine - poruÄio je PlenkoviÄ‡.
(Telegraf.rs)
PoÅ¡aljite nam VaÅ¡e snimke, fotografije i priÄe na broj telefona+381
                    64 8939257(WhatsApp/Viber/Telegram).
Telegraf.rs zadrÅ¾ava sva prava nad sadrÅ¾ajem. Za preuzimanje sadrÅ¾aja
            pogledajte uputstva na straniciUslovi
                koriÅ¡Ä‡enja.
Ti si plenkovicu puko kao laisna
cirkuzan Milanovic je rekao sta mislio vama da sre korumpirana  i propala drzva.
Samo marketing ne dotice svet ukrajina
Da li Å¾elite da dobijate obaveÅ¡tenja o najnovijim vestima?",Negative
Anita MarkoviÄ‡,PlenkoviÄ‡: PotvrÄ‘eno da je letilica nosila avio-bombu,"Hrvatski premijer Andrej PlenkoviÄ‡ osvrnuo se danas na rezultate istrage o padu bespilotne letilice na Zagreb pre mesec i po dana i konstatovao da je bitno da se, kako je rekao, na konferenciji Å½upanijskog drÅ¾avnog tuÅ¾ilaÅ¡tva Äulo ono o Äemu se govorilo celo vreme.",https://www.telegraf.rs/vesti/jugosfera/3484895-plenkovic-potvrdjeno-da-je-letilica-nosila-avio-bombu,Telegraf,general,en,rs,2022-04-14T12:37:47+00:00,"Hrvatski premijerAndrej PlenkoviÄ‡osvrnuo se danas narezultate istrage o padu bespilotne letelicena Zagreb pre mesec i po dana i konstatovao da je bitno da se, kako je rekao, na konferenciji Å½upanijskog drÅ¾avnog tuÅ¾ilaÅ¡tva Äulo ono o Äemu se govorilo celo vreme.
On je pozvao sve na ozbiljnost s tim u vezi i dodao da se na Zagreb sruÅ¡ila letelica koja je, kaÅ¾e, bila naoruÅ¾ana avio-bombom s upaljaÄem i da je tom prilikom doÅ¡lo do eksplozije.
Dodao je da je potrebno utvrditi kako je ta letelica zavrÅ¡ila u Zagrebu, PlenkoviÄ‡ je rekao da Ä‡e za to biti potrebno vreme.
- Nastavljamo da utvrÄ‘ujemo kako je letelica zavrÅ¡ila baÅ¡ u Zagrebu, da li je reÄ o greÅ¡ci, sabotaÅ¾i ili nameri. Da smo shvatili ozbiljno videli ste iz preleta francuskih i ameriÄkih borbenih aviona - rekao je PlenkoviÄ‡.
(Telegraf.rs/Tanjug)
PoÅ¡aljite nam VaÅ¡e snimke, fotografije i priÄe na broj telefona+381
                    64 8939257(WhatsApp/Viber/Telegram).
Telegraf.rs zadrÅ¾ava sva prava nad sadrÅ¾ajem. Za preuzimanje sadrÅ¾aja
            pogledajte uputstva na straniciUslovi
                koriÅ¡Ä‡enja.
A jeste li pronasli padobranceğŸ˜œ
Da li Å¾elite da dobijate obaveÅ¡tenja o najnovijim vestima?",Neutral
Marija MilutinoviÄ‡,Premijer Hrvatske Andrej PlenkoviÄ‡ postao otac po treÄ‡i put,Premijer Andrej PlenkoviÄ‡ veÄeras je po treÄ‡i postao otac po treÄ‡i put.,https://www.telegraf.rs/vesti/jugosfera/3478433-premijer-hrvatske-andrej-plenkovic-postao-otac-po-treci-put,Telegraf,general,en,rs,2022-03-30T21:42:02+00:00,"PremijerAndrej PlenkoviÄ‡veÄeras je po treÄ‡i postao otac po treÄ‡i put.
- VeÄeras se u Petrovoj bolnici u Zagrebu rodio Ivan PlenkoviÄ‡. PoroÄ‘aj je proÅ¡ao u najboljem redu, a ponosni roditelji Ana i Andrej, kao i Mila i Mario, presreÄ‡ni su zbog prinove u porodici - rekao je zaVeÄernji listportparol Vlade Marko MiliÄ‡.
Podsetimo, poÄetkom februara je objavljeno da je supruga premijera Ana MaslaÄ‡ PlenkoviÄ‡ trudna, a porodica premijera se inaÄe retko pojavljuje u javnosti.
(Telegraf.rs)
PoÅ¡aljite nam VaÅ¡e snimke, fotografije i priÄe na broj telefona+381
                    64 8939257(WhatsApp/Viber/Telegram).
Telegraf.rs zadrÅ¾ava sva prava nad sadrÅ¾ajem. Za preuzimanje sadrÅ¾aja
            pogledajte uputstva na straniciUslovi
                koriÅ¡Ä‡enja.
Voli ga kao da je tvoj
Cestitam sretnim roditeljima! Neka bude ziv i zdrav i da odrasta i zivi u boljim vremenima od nasğŸ
Svaka Cast
Da li Å¾elite da dobijate obaveÅ¡tenja o najnovijim vestima?",Positive
Marija MilutinoviÄ‡,PlenkoviÄ‡ najavio rekonstrukciju hrvatske Vlade,"Premijer Hrvatske Andrej PlenkoviÄ‡ saopÅ¡tio je danas da su mu Älanovi najviÅ¡ih organa HDZ dali mandat za rekonstrukciju vlade ali nije otkrio rokove, imena i broj ministara koje bi obuhvatila.",https://www.telegraf.rs/vesti/jugosfera/3477862-plenkovic-najavio-rekonstrukciju-hrvatske-vlade,Telegraf,general,en,rs,2022-03-30T04:20:00+00:00,"Premijer HrvatskeAndrej PlenkoviÄ‡saopÅ¡tio je danas da su mu Älanovi najviÅ¡ih organa HDZ dali mandat za rekonstrukciju vlade ali nije otkrio rokove, imena i broj ministara koje bi obuhvatila.
- Sva tela stranke dala su mi podrÅ¡ku za promiÅ¡ljanja o rekonstrukciji vlade kako bismo u zadnje 2,5 godine naÅ¡eg mandata krenuli osnaÅ¾eni, osveÅ¾eni u ispunjavanju naÅ¡ega programa i realizaciji svih ciljeva koji su pred Hrvatskom - rekao je PlenkoviÄ‡ nakon zajedniÄke sednice stranaÄkih tela u Karlovcu.
PlenkoviÄ‡ nije Å¾eleo da govori o konkretnim brojkama, imenima ili rokovima, prenosi Hina.
- BuduÄ‡i da sam danas dobio mandat da krenemo u promiÅ¡ljanja o tome, dopustiÄ‡ete mi da uzmem i vreme i analizu za sve korake koji Ä‡e se preduzimati - rekao je.
U medijima se kao potencijalni kandidati za smenu spominju ministar privrede i odrÅ¾ivog razvoja Tomislav ChoriÄ‡, ministarka regionalnog razvoja i fondova EU NataÅ¡a TramiÅ¡cak, ministar rada Josip AladroviÄ‡ te potpredsednik Vlade za druÅ¡tvene delatnosti i ljudska prava Boris MiloÅ¡eviÄ‡.
(Telegraf.rs)
PoÅ¡aljite nam VaÅ¡e snimke, fotografije i priÄe na broj telefona+381
                    64 8939257(WhatsApp/Viber/Telegram).
Telegraf.rs zadrÅ¾ava sva prava nad sadrÅ¾ajem. Za preuzimanje sadrÅ¾aja
            pogledajte uputstva na straniciUslovi
                koriÅ¡Ä‡enja.
Mora nesto menjat kad se dese afere svaki dan o pljackana njegovih ministara. Zaziveo grabizam odavno.
Da li Å¾elite da dobijate obaveÅ¡tenja o najnovijim vestima?",Negative
,"Od danas vrijede nove mjere, kafiÄ‡i i restorani mogu raditi dulje, evo Å¡to morate znati","Na juÄeraÅ¡njoj sjednici Vlade premijer Andrej PlenkoviÄ‡ rekao je kako trenutna situacija sÂ koronavirusom dopuÅ¡ta daljnje ublaÅ¾avanje mjera, piÅ¡e Jutarnji list. ""Broj osoba koje smiju biti na javnim dogaÄ‘anjima na otvorenom i u zatvorenom Ä‡e se poveÄ‡ati Å¡to se tiÄe osoba bez covid-potvrda, a broj Ä‡e...",https://www.jutarnji.hr/dobrahrana/price/od-danas-vrijede-nove-mjere-kafici-i-restorani-mogu-raditi-dulje-evo-sto-morate-znati-15171843,Jutarnji.hr,general,en,hr,2022-03-18T08:54:47+00:00,"Komentari
0
Na juÄeraÅ¡njoj sjednici Vlade premijer Andrej PlenkoviÄ‡ rekao je kako trenutna situacija s koronavirusom dopuÅ¡ta daljnje ublaÅ¾avanje mjera, piÅ¡eJutarnji list.
""Broj osoba koje smiju biti na javnim dogaÄ‘anjima na otvorenom i u zatvorenom Ä‡e se poveÄ‡ati Å¡to se tiÄe osoba bez covid-potvrda, a broj Ä‡e biti bez ograniÄenja kad su u pitanju osobe s covid-potvrdama. ProduÅ¾it Ä‡e se radno vrijeme ugostiteljskih objekata do 2 sata"", rekao je.
Novost je i to da ugostiteljski objekti mogu usluÅ¾iti svakog gosta, a ne samo one goste koji sjede za stolovima, no to je moguÄ‡e samo ali samo ako imaju kontrolirani ulaz i ako svi gosti koji ulaze u prostor imaju EU digitalne COVID potvrde;
TakoÄ‘er, od danas u otvorenom prostoru moÅ¾e biti 200 osoba, umjesto 100 kako je to bio sluÄaj do sada. U sluÄaju da svi prisutni imaju EU digitalne covid-potvrde, ograniÄenja broja nema. Na javnim okupljanjima u zatvorenim prostorima, poput razliÄitih slavlja, moÅ¾e biti 100 osoba. TakoÄ‘er, javna okupljanja i manifestacije mogu trajati do 2 sata, umjesto do ponoÄ‡i kao Å¡to je to sluÄaj bio do sada. Ukida se i obaveza EU digitalnih covid-potvrda za odrÅ¾avanje sajmova, razliÄitih turistiÄkih i gospodarskih dogaÄ‘aja, predstavljanja i okupljanja u zatvorenim prostorima, ali je isto tako obavezno koriÅ¡tenje medicinskih maski ili maski za lice.",Neutral
Jasna VuÄiÄ‡,"PlenkoviÄ‡ o dronu koji je pao u Zagrebu: Bio je naoruÅ¾an, utvrÄ‘uje se o kom tipu bombe je reÄ",Hrvatski premijer Andrej PlenkoviÄ‡ ponovio je danas da je dron koji se sruÅ¡io u Zagrebu bio naoruÅ¾an,https://www.telegraf.rs/vesti/jugosfera/3471495-plenkovic-o-dronu-koji-je-pao-u-zagrebu-bio-je-naoruzan-utvrdjuje-se-o-kom-tipu-bombe-je-rec,Telegraf,general,en,rs,2022-03-15T18:01:02+00:00,"Hrvatski premijer Andrej PlenkoviÄ‡ponovio je danas na konferenciji za medije da jedronkoji se u ÄetvrtaksruÅ¡io na zagrebaÄkom Jarunu bio naoruÅ¾ani to argumentovao fotografijama tragova bombe.
Time je demantovao danaÅ¡nju izjavu generalnog sekretara NATO Jensa Stoltenbergakoji je rekao da je na Zagreb pala nenaoruÅ¾ana letelica, prenosi Hina.
- Ta je letelica koja je pala u Äetvrtak, s obzirom da ima jako mnogo konfuzije moramo otklanjati sve moguÄ‡e netaÄne informacije -bila naoruÅ¾ana- poruÄio je PlenkoviÄ‡ na konferenciji za medije. -Nije bila ""unarmed"" (nenaoruÅ¾ana), nego je bila naoruÅ¾ana. Znamo sada, to se nije znalo u Äetvrtak uveÄe, moÅ¾da se nije znalo u petak, ali se zna sada - dodao je, prenosi Tanjug.
PlenkoviÄ‡ je na konferenciji za medijepokazao fotografije s, kako je kazao, tragovima bombe, odnosno eksploziva koji je pronaÄ‘en.
- Ja sam ovo namerno pokazao sada kako bi otklonili sve ove konfabulacije koje postoje u etru - kazao je PlenkoviÄ‡.Â Napomenuo je i danadleÅ¾ne sluÅ¾be rade kako bi se ustanovilo o kojem je tipu bombe reÄ.
Predsednik Hrvatske Zoran MilanoviÄ‡ kaÅ¾e da Srbija nikada ne bi mogla da obori dron koji je pao usred Zagreba, prethodno preletevÅ¡i celu MaÄ‘arsku, a da ga niko nije primetio. On je na taj naÄin odgovorio na tvrdnje predsednika Aleksandra VuÄiÄ‡a da Srbija ima rakete kojima bi mogla da bezbedno obori Å¡est tona teÅ¡ku letelicu koja je pala u hrvatskoj prestonici u podruÄju Jaruna.
-VuÄiÄ‡ se hvali da oni imaju neku opremu. Ali ne bi uspeli da ga obore. Ali dobro je imati, da znaÅ¡ da moÅ¾eÅ¡ pokuÅ¡ati- rekao je MilanoviÄ‡ u obraÄ‡anju iz Zemunika u Zadru.
MilanoviÄ‡ je ponovio da se o padu drona na Zagreb ne govori dok nisi siguran Å¡ta se dogodilo i da je sreÄ‡a da niko nije stradao.
- TeÅ¡ko je kontrolisati nebo sedam dana u sedmici. To verovatno ne radi niko. To je, kao Å¡to je sluÄaj s ovom besposadnom letilicom, pitanje ko bi to u realnom vremenu uspeo da obori - rekao je MilanoviÄ‡ novinarima, preneli su hrvatski mediji.
Prethodno, predsednik VuÄiÄ‡ je rekao da Srbija ima vojne kapacitete da se izbori sa takvim problemom.
- Neki nemaju Äime da je obore, mi imamo Äime. Imamo vazduhâ€“vazduh rakete, ali i vazduhâ€“zemlja rakete za migove 24.
Generalni sekretar NATO Stoltenberg izjavio je danas suprotno, da prvi pokazatelji ukazuju na to da je na Zagreb pao nenaoruÅ¾an dron.
- Prema saznanjima koja imamo,nije reÄ o namernom napadu, ali i ovakvi sluÄajevi su opasni pa smo poveÄ‡ali nadzor - rekao je Stoltenberg na pitanje o padu bespilotne letelice na podruÄje Zagreba.
Istakao je daistraga nije joÅ¡ zavrÅ¡ena i da se utvrÄ‘uju Äinjenice, ali dodaje da ""indikacije koje trenutno imamo ne idu u prilog tome da je dron bio naoruÅ¾an, nego da jebio izviÄ‘aÄke prirode"".
- Ikad mu je ponestalo goriva, sruÅ¡io se na podruÄju Zagreba- dodao je on.
Bespilotna letelica sovjetske proizvodnje sruÅ¡ila se u Äetvrtak uveÄe posle 23 sata u zagrebaÄkom naselju Jarun. U hrvatski vazduÅ¡ni prostor uÅ¡la je iz MaÄ‘arske, odakle je doÅ¡la iz Rumunije. Å ef NATO je dodao da Hrvatska, MaÄ‘arska i Rumunija tek treba da razmene sve podatke o ovom incidentu i tesno da saraÄ‘uju.
(Telegraf.rs)
PoÅ¡aljite nam VaÅ¡e snimke, fotografije i priÄe na broj telefona+381
                    64 8939257(WhatsApp/Viber/Telegram).
Telegraf.rs zadrÅ¾ava sva prava nad sadrÅ¾ajem. Za preuzimanje sadrÅ¾aja
            pogledajte uputstva na straniciUslovi
                koriÅ¡Ä‡enja.
Mi imamo materijalni dokaz i ceo svet zna da smo oborili F-117, vi imate joÅ¡ da veÅ¾bate..
Mi obaramo nevidljive a vama u sred centra slecu i ne vidite ga ko ni 2 drÅ¾ave Madjari i Rumuni ğŸ¤£ğŸ¤£ğŸ¤£ğŸ¤£ğŸ¤£ğŸ¤£ğŸ¤£
Pojma ti nemaÅ¡ Ujo Å¡ta Srbin sve imade.
Da li Å¾elite da dobijate obaveÅ¡tenja o najnovijim vestima?",Negative
rnd,Niemand hat eingegriffen: Drohne fliegt durch zwei Nato-Staaten und stÃ¼rzt ab,"Zagreb. Kroatien hat sich nach einem Drohnenabsturz in der Hauptstadt Zagreb Ã¼ber eine mangelnde Kooperation innerhalb der Nato beschwert. Der kroatische MinisterprÃ¤sident, Andrej PlenkoviÄ‡, sagte am Samstagabend nach Angaben der Nachrichtenagentur AFP, es sei â€nicht hinnehmbarâ€œ, dass eine AufklÃ¤rungsdrohne durch den Luftraum von zwei Nato-Mitgliedstaaten fliegen kÃ¶nne. â€Wir kÃ¶nnen eine solche Situation nicht mehr tolerierenâ€œ. &#8230;Der Beitrag Niemand hat eingegriffen: Drohne fliegt durch zwei Nato-Staaten und stÃ¼rzt ab erschien zuerst auf landeszeitung.de.",https://www.landeszeitung.de/nachrichten/politik/503881-niemand-hat-eingegriffen-drohne-fliegt-durch-zwei-nato-staaten-und-stuerzt-ab/,landeszeitung,general,de,de,2022-03-13T15:51:40+00:00,[ERROR: 404 Client Error: Not Found for url: https://www.landeszeitung.de/nachrichten/politik/503881-niemand-hat-eingegriffen-drohne-fliegt-durch-zwei-nato-staaten-und-stuerzt-ab/],NA
Mateja Beljan,"PlenkoviÄ‡ o padu letelice u Zagreb: Je li bila greÅ¡ka ili namerno, to ne znamo. Jasno je da je bila pretnja","Hrvatski premijer Andrej PlenkoviÄ‡ obilazi s Älanovima vlade mesto pada bespilotne letelice gde se vrÅ¡e istraÅ¾ne radnje. Na mesto pada stigli su i Robert Hranj, Tomo Medved i Mario BanoÅ¾iÄ‡.",https://www.telegraf.rs/vesti/jugosfera/3470096-plenkovic-o-padu-letelice-u-zagreb-je-li-bila-greska-ili-namerno-to-ne-znamo-jasno-je-da-je-bila-pretnja,Telegraf,general,en,rs,2022-03-12T07:47:57+00:00,"HrvatskipremijerAndrej PlenkoviÄ‡obiÅ¡ao je s Älanovima vlade mesto pada bespilotne letelice gde se vrÅ¡e istraÅ¾ne radnje.Na mesto pada stigli su i Robert Hranj, Tomo Medved i Mario BanoÅ¾iÄ‡.
- Je li ovo bilo greÅ¡ka, je li bilo namerno, to ne znamo. KomuniciraÄ‡emo sa svim drÅ¾avama koje mogu doprineti sa informacijama. Ovo upuÄ‡uje na potrebu saradnje sa NATO, ovakvu situaciju ne moÅ¾emo tolerisati, ovo je bila jasna pretnja. Kako je moguÄ‡e da se desi tako neÅ¡to, a da nije podignuta uzbuna na pravi naÄin.Kako se to dogodilo, je li to greÅ¡ka u programiranju, je li to provokacija, je li to neko namerno uradio, to Ä‡emo tek utvrditi - rekao je PlenkoviÄ‡.
- Ova je raketa mogla pasti na nuklearnu centralu, pa bi bio mnogo veÄ‡i problem MaÄ‘arskoj i svima nama. Ovo se na sreÄ‡u zavrÅ¡ilo ovako kako se zavrÅ¡ilo ali sad imamo test iz koga moramo na uÄiti i mnogo bolje reagovati - dodao je PlenkoviÄ‡.
Kako je dodao, ovu temu Ä‡e diÄ‡i na sve nivoe.
- Ne znamo Äija je letelica bila. Letela je nad Hrvatskom sedam minuta i pala ovde. U nesreÄ‡i smo imali puno sreÄ‡e da niko nije stradalo. OÅ¡teÄ‡eno je 40-ak automobila. Ovo je teoretski mogla biti BudimpeÅ¡ta, Ljubljana... Moramo intenzivirati saradnju, da se na vreme obavesti zemlja da se neÅ¡to dogaÄ‘a. O problemu Ä‡emo govoriti i na politiÄkim i na vojnim sastancima NATO.Ova situacija je trajala sedam minuta. Ova letelica je iÅ¡la velikom brzinom i ne bi se stiglo reagovati. Verovatno ovih letelica ima joÅ¡. Da li su letele prema Hrvatskoj? Bilo je nekih spekulacija o tome, ali nijedna nije potvrÄ‘ena.
- S obzirom na to da nije bilo Å¾rtava, verovatno je takva reakcija. Da je bilo Å¾rtava, sigurno bi reakcija bila drugaÄija - kaÅ¾e PlenkoviÄ‡.
- Da smo uzeli pre 5 ili pre 10 godina viÅ¡enamenske borbene avione, oni bi bili u situaciji da deluju. Mi Ä‡emo investirati dodatno u protivvazduÅ¡nu odbranu, razgovarati sa saveznicima da, dok se to ne reÅ¡i, pomognu u odbrani hrvatskog neba. To je trajalo 7 minuta, i da smo imali te avione pitanje je da li bismo stigli da reagujemo, ni oni koji znaju viÅ¡e nego ja nisu mogli sa sigurnoÅ¡Ä‡u da kaÅ¾u da li bi stiglo da se reaguje.Svi smo konstatovali da je ovaj propust i taj propust se mora uispraviti u svakoj narednoj situaciji.
- Sam proces vaÄ‘enja letelice sa zelene povrÅ¡ine Ä‡e nam isto, nadam se, dati neku korisnu informaciju, da vidimo u Äijem posedu je bila letelica u trenutku lansiranja.Tu su struÄnjaci iz hrvatske vojske, pedstavnici tuÅ¾ilaÅ¡tva, policije, svi eksperti.Moramo znati ko ju je lansirao. Moramo napraviti na siguran naÄin da se iskopa letelica i kad to bude gotovo Ä‡emo vas obavestiti. Mi smo tu bili naÅ¾alost oni gde je oÄito nestalo goriva letelici pa je pala ovde, da je bilo manje goriva verovatno bi pala negde drugde.
Kazao je da je na MaÄ‘arskoj da utvrdi kako se incident dogodio jer je na njihovom podruÄju letelica bila mnogo duÅ¾e.
- Premijer Orban je o ovome saznao nakon mene. Napisao sam pismo i Å¾elim odgovore kako se ovako neÅ¡to moglo dogoditi - rakao je PlenkoviÄ‡.
Podsetimo, ministar unutraÅ¡njih poslova i potpredsednik vlade Davor BoÅ¾inoviÄ‡ rekao je juÄe uveÄe, uoÄi sastanka u vladi, da se istraga o padu bespilotne letelice nastavlja ujutro i da Hrvatska""po svemu sudeÄ‡i nije bila krajnji cilj te letelice"".
UviÄ‘aj koji policija sprovodi zajedno s vojnom policijom nastavlja se u uÅ¾oj zoni mesta dogaÄ‘aja, gde probati da se izvadi deo letelice koji je ostao ukopan u zemlju.
(Telegraf.rs)
PoÅ¡aljite nam VaÅ¡e snimke, fotografije i priÄe na broj telefona+381
                    64 8939257(WhatsApp/Viber/Telegram).
Telegraf.rs zadrÅ¾ava sva prava nad sadrÅ¾ajem. Za preuzimanje sadrÅ¾aja
            pogledajte uputstva na straniciUslovi
                koriÅ¡Ä‡enja.
Mislim da je Hrvatska uhvatila 
        BIDERMAJER
Poslali vam pozdrav vaÅ¡i dobrovoljci. Imate sad delove da sklopite letelicu. TraÅ¾ili ste dobili ste. Å ta se sad bunite. Volite rat u tudjim zemljama sad kad su vam poslali poklon napunili ste gaÄ‡e
Dobro je da nisu optuzili srbe oni to uvek mogu sto god srbi krivi?
Da li Å¾elite da dobijate obaveÅ¡tenja o najnovijim vestima?",Neutral
F. Q.,"Esplosione a Zagabria, drone ucraino o russo si schianta al suolo. Premier croato: â€œArrivato dalla zona di guerra, volando sullâ€™Ungheriaâ€","Il velivolo senza guidare Ã¨ arrivato dalla zona di guerra in Ucraina, come confermato dal primo ministro croato Andrej PlenkoviÄ‡, e dovrebbe trattarsi di un Tu-141, un drone da ricognizione di produzione sovietica e utilizzato dallâ€™esercito ucraino. Non Ã¨ escluso che la tipologia di drone, la cui produzione Ã¨ iniziata nel 1979, possa essere ancora in uso alla RussiaL'articolo Esplosione a Zagabria, drone ucraino o russo si schianta al suolo. Premier croato: &#8220;Arrivato dalla zona di guerra, volando sull&#8217;Ungheria&#8221; proviene da Il Fatto Quotidiano.",https://www.ilfattoquotidiano.it/2022/03/11/esplosione-a-zagabria-drone-ucraino-o-russo-si-schianta-al-suolo-premier-croato-arrivato-dalla-zona-di-guerra-volando-sullungheria/6522541/,ilfattoquotidiano,general,it,it,2022-03-11T10:48:16+00:00,"Segui tutte le inchieste del Fatto Quotidiano
11 Marzo 2022
Ultimo aggiornamento: 17:20 del 11 Marzo 2022
Undrone militaresi Ã¨ schiantato nel quartiere Jarun diZagabria, capitale dellaCroazia, giovedÃ¬ sera senza provocare feriti. Il velivolo a guida remota Ã¨ arrivato dalla zona di guerra inUcraina, come confermato dal primo ministro croatoAndrej PlenkoviÄ‡, e dovrebbe trattarsi di unTu-141, un drone da ricognizione diproduzione sovieticae utilizzato dallâ€™esercito ucraino.
Non Ã¨ escluso che la tipologia di drone, la cui produzione Ã¨ iniziata nel 1979, possa essere ancora in uso allaRussia. Sullâ€™accaduto stanno indagando i funzionari della polizia, ilministero della Difesae la Nato. Nellâ€™urto ha creato uncrateredi circa tre metri provocando danni ad alcuneautomobiliparcheggiate nelle vicinanze, in una zona di Zagabria densamente abitata. PoichÃ© lâ€™urto non ha provocato unincendiosi suppone che il velivolo fosse rimasto senzacarburante.
Dato che il velivolo ha un raggio dâ€™azione di circa1.000 chilometri, si suppone fosse partito dalla zona diOdessa. Il velivolo Ã¨ entrato nello spazio aereo croato dallâ€™Ungheria, volando in direzione da est a ovest, a unâ€™altitudine di circa 1.300 metri e a una velocitÃ  di700 chilometri orarie prima avrebbe sorvolato laRomania. Entrambi gli Stati sonoPaesi Nato.
Al momento dellâ€™urto si Ã¨ sentito un forte boato, simile a unâ€™esplosione, e a distanza di circa un chilometro sono stati trovati dueparacadute. â€œSi tratta di un incidente molto serio ma molto probabilmente non si tratta di unaminacciarivolta contro la Croaziaâ€, ha riferito ilministero della Difesa. Prima di precipitare, il velivolo Ã¨ rimasto nellospazio aereocroato per7 minuti, mentre sullâ€™Ungheria ha probamente volato per quasi tre quarti dâ€™ora.
Nel testo finale nessun accenno allâ€™ingresso di Kiev: ""La Russia una minaccia"". Il tycoon: â€œVertice fantastico, un grande successoâ€
Nel testo finale nessun accenno allâ€™ingresso di Kiev: ""La Russia una minaccia"". Il tycoon: â€œVertice fantastico, un grande successoâ€

Roma, 25 giu. (Adnkronos Salute) - I primi risultati dello studio Realiti-A, ""osservazionale prospettico, quindi di notevole qualitÃ "", sulla capacitÃ  di mepolizumab, inibitore di IL-5, di ridurre in modo significativo le riacutizzazioni di malattia asmatica grave eosinofilica e di consentire un risparmio di steroidi (effetto steroid-sparing), ""erano stati pubblicati in primis nel 2020"". Lo studio che Ã¨ stato presentato all'ultimo Congresso annuale dell'Eaaci, European Academy of Allergy and Clinical Immunology, ""ha riguardato delle post-hoc analysis, ma anche i dati relativi ai 2 anni di trattamento ed evidenziano che non ci sono problematiche per quanto concerne i biomarcatori, gli eosinofili circolanti e il Feno"", frazione esalata di ossido nitrico. ""L'altro dato estremamente interessante riguarda l'etÃ  di insorgenza della malattia, che aumenta la possibilitÃ  di intervento con mepolizumab"". Lo ha detto Giorgio Walter Canonica, professore e senior consultant Centro di medicina personalizzata Asma e allergie Humanitas University & Irccs Humanitas di Rozzano (Milano), commentando i dati clinici e real world che rafforzano l'efficacia e la sicurezza dell'anti Il-5 mepolizumab, uno dei farmaci piÃ¹ utilizzati nel trattamento dell'asma grave eosinofilico, presentanti nel corso dell'appuntamento scientifico europeo dedicato ad allergie, asma e immunologia clinica, che si Ã¨ recentemente concluso a Glasgow.
Sull'asma grave, ""con la grande sfida lanciata per diminuire l'uso dello steroide - continua Canonica - se ne abbiamo scoperto l'enorme abuso che in Italia si faceva, abbiamo perÃ² stimolato a valutare un dato estremamente interessante che abbiamo ottenuto"" con la terapia: ""Praticamente dimezzato l'incidenza d'uso di steroide nei pazienti che oggi si presentano ai nostri centri del Sani, Severe Asthma Network Italy"". In questo contesto ""abbiamo quindi alzato anche l'asticella rispetto a quello che era il precedente modo di valutare il trattamento con biologico. Oggi - sottolinea l'esperto - non si guarda piÃ¹ solo la funzionalitÃ  respiratoria, non si guarda piÃ¹ solo il sintomo, ma si guarda quella che Ã¨ la clinical remission, cioÃ¨ una valutazione multicriterio che ha decisamente innalzato la possibilitÃ  di trattare i pazienti con la cosiddetta remissione clinica in trattamento. E' ben noto da moltissimo tempo - illustra il professore - come, in realtÃ , esista un fenomeno chiamato remodeling o rimodellamento delle vie aeree, che non Ã¨ sensibile ai trattamenti come gli inalatori e, sostanzialmente, allo steroide sistemico"".
Si Ã¨ quindi aperto un nuovo scenario. ""I biologici hanno dimostrato di essere in grado di avere un'azione su questo rimodellamento, su vari aspetti del rimodellamento - chiarisce Canonica - e noi recentemente abbiamo proposto l'idea che esistano dei fenomeni rapidi, dei fenomeni piÃ¹ ritardati e anche la possibilitÃ  di una early intervention, cioÃ¨ di un intervento preventivo con il biologico, per far sÃ¬ che non si instaurino le problematiche del rimodellamento. L'interazione con i colleghi Ã¨ fondamentale, perchÃ© ad esempio il Sani aveva rilevato che il 64% dei nostri pazienti erano in trattamento con steroide orale, cosa che aveva suscitato lÃ¬ per lÃ¬ una certa sorpresa perchÃ© era inatteso. Poi anche gli altri registri hanno fatto la verifica, ad esempio il network Uk ha trovato che erano il 60%. Abbiamo cosÃ¬ rivelato una problematica, grazie alle interazioni con i colleghi. Questo Ã¨ fondamentale perchÃ© si possono scoprire delle cose che si possono pensare limitate alla propria realtÃ , ma potrebbe non essere vero e, comunque, dal confronto si cresce"".
Osaka, 25 giu. (Adnkronos) - Il Gruppo Bracco Ã¨ uno dei grandi protagonisti dellâ€™Expo di Osaka: Gold Sponsor del padiglione Italia, lâ€™azienda leader globale nella diagnostica Ã¨ impegnata in prima linea in diversi eventi nel corso della Health and Well-Being Week che si tiene dal 20 giugno al 1Â° luglio. (Video)
â€œLâ€™Esposizione Universale di Osaka, soprattutto in questi tempi complessi, si sta dimostrando una preziosa agorÃ  che consente ai 161 Paesi partecipanti di dibattere temi strategici come quello della salute, della longevitÃ  e dellâ€™innovazione tecnologica nellâ€™ambito healthcare - afferma Diana Bracco, presidente e Ceo del Gruppo Bracco - Il nostro padiglione, poi, Ã¨ tra i piÃ¹ visitati, con code lunghissime che testimoniano la grande attrattivitÃ  dellâ€™Italia in Giappone. Un successo dovuto al fascino del nostro Made in Italy e alla presenza di tanti capolavori artistici, tra cui il ritratto del giovane ItÅ Mancho, dipinto da Domenico Tintoretto nel 1585, che abbiamo portato con la nostra Fondazione accompagnandolo con unâ€™approfondita campagna di analisi diagnostiche. Il quadro, che raffigura il capo della prima missione diplomatica giapponese inviata in Europa, ha unâ€™importanza non solo artistica ma anche culturale e simbolica per le relazioni tra Italia e Giapponeâ€.
Il primo evento della Japan Health Week, cui Bracco ha partecipato in qualitÃ  di Strategic Partner, Ã¨ lâ€™agevity forum, la riunione su salute, invecchiamento, sostenibilitÃ  e longevitÃ  organizzato da Assolombarda e Silver Economy Network presso il nostro padiglione. Italia e Giappone sono due delle nazioni al mondo in cui i cittadini sono piÃ¹ longevi, e in entrambi i Paesi gli over 65, nel 2050, costituiranno ben il 35% della popolazione. Il forum Ã¨ dunque una straordinaria occasione di confronto su questi potenti cambiamenti demografici per ricercatori, operatori sanitari, imprese farmaceutiche e istituzioni italiane e giapponesi.
Allâ€™evento sono intervenuti, accanto a figure istituzionali quali Mario Vattani, Commissioner General for Italy at Expo 2025 Osaka, Gianluigi Serianni, Scientific and Technological AttachÃ©, Italian Embassy in Tokyo e Ako Makiyama, Executive Director, Osaka Chamber of Commerce and Industry, anche numerosi scienziati di fama internazionale tra cui Noriyuki Tsumaki, professore del dipartimento di biochimica e biologia molecolare alla University of Osaka, e Nobuhiro Hayashi, professore vice presidente per International Strategy and Engagement, allâ€™Institute of Science di Tokyo.
â€œItalia e Giappone condividono tante sfide e tra queste quelle legate allâ€™invecchiamento della popolazioneâ€, ha dichiarato Mario Vattani. â€œFavorire nuove sinergie tra eccellenze italiane e giapponesi nel campo delle scienze della vita, coinvolgendo importanti player del settore come Bracco, Centro Diagnostico Italiano, Assolombarda e Silver Economy Network, vuol dire dare forza alla nostra diplomazia scientifica partendo dal concetto che Lâ€™arte che rigenera la vitaâ€.
â€œLe grandi innovazioni della ricerca scientifica hanno aumentato in modo straordinario le aspettative di vita delle persone - ha affermato Alessandro Maiocchi, direttore del polo dellâ€™innovazione del Gruppo Bracco - Insieme ad altre discipline mediche, la diagnostica per immagini Ã¨ fondamentale per questa trasformazione della medicina da reattiva a proattiva. Gli strumenti avanzati di imaging ci permettono di vedere all'interno del corpo in modo non invasivo, individuando precocemente le malattie e personalizzando i piani di trattamentoâ€.
Allâ€™evento Ã¨ intervenuto anche Andrea Mecenero, amministratore delegato del Centro Diagnostico Italiano: â€œGarantire una vita longeva, attiva, sana e di qualitÃ  ai silver di oggi e di domani Ã¨ un obiettivo strategico del nostro Cdi. Prevenzione, stili di vita sani e diagnostica precoce sono le tre leve su cui lavoriamo da 50 anni, un anniversario importante che celebriamo proprio in questo 2025â€.
Il Gruppo Bracco ha partecipato poi a due eventi organizzati dallâ€™Istituto Italiano di Tecnologia (Iit) sulle Health Technologies. In particolare, il primo, presso Padiglione Italia, Ã¨ il workshop â€œHealth Technologies: How Science is Transforming Healthcareâ€, in cui Bracco ha presentato per la prima volta la piattaforma digitale innovativa Ippocrate: realizzato con Iit, Ippocrate abilita la ricerca clinica collaborativa eliminando la necessitÃ  di trasferire dati tra i centri clinici.
Milano, 25 giu. (Adnkronos) - I giudici della Corte dâ€™Assise dâ€™Appello di Milano hanno confermato la sentenza di ergastolo (con isolamento diurno per tre mesi) per Alessandro Impagnatiello, accusato dellâ€™omicidio della compagna Giulia Tramontano incinta del loro figlio Thiago. Esclusa l'aggravante della premeditazione, riconosciuta invece lâ€™aggravante della crudeltÃ  e del rapporto di convivenza. Il verdetto, letto davanti alle telecamere (non ammesse in aula per il processo), Ã¨ arrivato dopo poco piÃ¹ di due ore di camera di consiglio.
I giudici si sono invece riservati, e si esprimeranno con unâ€™altra sentenza, sulla giustizia riparativa per Impagnatiello. La richiesta di accesso alla giustizia riparativa- (la riforma Cartabia prevede un programma â€œcon vittima surrogataâ€, anche cioÃ¨ senza il consenso della famiglia della vittima - Ã¨ stata chiesta con una memoria scritta e poi ribadita in aula dallâ€™avvocata Giulia Geradini. Una richiesta a cui si Ã¨ opposta la pubblica accusa e la famiglia della vittima.
Alessandro Impagnatiello, per i giudici dell'Appello di Milano, non ha ucciso con premeditazione Giulia Tramontano e il bambino che portava in grembo, ma lo ha fatto con crudeltÃ . L'ha colpita con 37 coltellate la sera del 27 maggio 2023 nel loro appartamento a Senago dopo che la ventinovenne aveva scoperto la relazione parallela con unâ€™altra donna. Un delitto - le motivazioni saranno rese note entro il 15 settembre - per cui non merita le attenuanti generiche.
La sentenza di oggi conferma nella condanna quella di primo grado, stabilita dal Tribunale lo scorso 25 novembre, e come unica modifica vede il venir meno dell'aggravante della premeditazione, mentre vengono riconosciute le aggravanti della crudeltÃ  e del rapporto di convivenza.
Tiene dunque la tesi della difesa dell'imputato che, nel suo atto d'appello e in aula, sottolinea che il tappeto spostato e il divano coperti per non macchiarli di sangue ""non Ã¨ stato in alcun modo dimostrato"", mentre la ricerca in internet 'ceramica bruciata vasca da bagno' Ã¨ troppo prossima all'omicidio. La condotta dell'imputato Ã¨ ""grossolana e maldestra"": compra la benzina dopo aver uccisa la compagna e Thiago, acquista il carrello per trasportare il cadavere il 30 maggio, piÃ¹ volte sposta la vittima lungo le scale condominiali ""altamente frequentate"", lascia la confezione di topicida in bella vista sebbene lo abbia somministrato alla ventinovenne mesi prima di ucciderla. Le ricerche sul veleno per topi si concentrano ""sempre ed esclusivamente sul feto in quanto, lo scopo - sostiene l'avvocata Giulia Geradini - era provocare l'aborto della Tramontano e non causarne la morte"". Thiago, il bambino mai nato, Ã¨ ""un ostacolo per la sua carriera, per la sua vita, per l'acquisto della casa futura e per la relazione con Tramontano.
Resiste in appello, l'aggravante della crudeltÃ  che, sono le parole in aula della sostituta procuratrice generale Maria Pia Gualtieri, Ã¨ data ""non solo dal numero di ferite, ma anche ""dalla localizzazione dei colpi inferti"". Le tre coltellate al viso, non mortali, ""sono volute per sfigurare la vittima: un elemento di crudeltÃ , di odio feroce verso questa povera donna"" che restituisce ""il voler aggiungere sofferenze aggiuntive"". In Impagnatiello non c'Ã¨ nessun pentimento, confessa ""solo per evitare le conseguenze piÃ¹ negative per se stesso. Ha mentito sempre, ha simulato l'esistenza di Giulia mandando messaggi, ha ucciso con premeditazione Giulia e il suo piccolo. Non merita le attenuanti generiche (non concesse dalla Corte, ndr), nÃ© lâ€™accesso alla giustizia riparativa"". Un punto su cui i giudici dell'Appello si sono riservati: ci sarÃ  un provvedimento a parte i cui tempi non sono prevedibili e che non incide sull'ergastolo che Impagnatiello sta scontando nel carcere di Pavia.
Omicidio Giulia Tramontano, la rabbia della sorella: ""Esclusa premeditazione, vergogna""
Impagnatiello, presente in aula, Ã¨ rimasto immobile quando Ã¨ stata letta la sentenza. I genitori della vittima - Franco Tramontano e Loredana Femiano - hanno abbassato lo sguardo prima di lasciare lâ€™aula.
Capelli e barba corta, camicia a quadretti, il trentaduenne detenuto nel carcere di Pavia era seduto a pochi passi di distanza dai genitori della vittima.
Sia la procura generale che l'avvocato della famiglia della vittima avevano chiesto di confermare la sentenza dell'ergastolo, mentre la difesa di Impagnatiello aveva chiesto che venissero meno le aggravanti della premeditazione e della crudeltÃ , oltre che concedere le attenuanti generiche facendo quindi scendere la pena.
Impagnatiello ha ucciso ""con premeditazione la donna che portava in grembo il suo bambino"" e lo ha fatto con crudeltÃ  con 37 coltellate la sera del 27 maggio 2023 nel loro appartamento a Senago. Una crudeltÃ  data non solo dal numero di ferite, ma anche ""dalla localizzazione dei colpi inferti, ad esempio i tre colpi al viso sono lesioni non mortali voluti per sfigurare la vittima, un elemento di crudeltÃ , di odio feroce verso questa povera donna e questo descrive il voler aggiungere sofferenze aggiuntive"", aveva detto la sostituta procuratrice generale di Milano Maria Pia Gualtieri, la prima a prendere la parola in aula.
Impagnatiello Ã¨ stato descritto come ""un uomo che ha ingannato due donne, che addirittura arriva a mostrare un falso documento di Dna per dimostrare che il figlio non Ã¨ suo, che mente agli inquirenti dicendo che non ha il box. E' enorme la quantitÃ  di bugie riferite"". In lui non c'Ã¨ nessun pentimento, confessa ""solo per evitare le conseguenze piÃ¹ negative per se stesso"".
Per la pg Gualtieri ""anche a volervi cercare con forza gli elementi positivi non ci sono: ha mentito sempre, ha simulato l'esistenza di Giulia mandando messaggi, ha ucciso con premeditazione Giulia e il suo piccolo, non merita le circostanze attenuanti generiche"". Quella di Impagnatiello ""Ã¨ una sentenza giusta - ha concluso nel suo intervento breve e incisivo la pubblica accusa - anche nella richiesta della massima pena e confido che la corte d'appello la confermi"".

Per la difesa del 32enne il divano coperto per non macchiarlo di sangue ""non Ã¨ stato in alcun modo dimostrato"" cosÃ¬ come il tappeto spostato per lo stesso motivo; la ricerca in internet 'ceramica bruciata vasca da bagno' Ã¨ troppo prossima all'omicidio. La condotta dell'imputato Ã¨ stata ""grossolana e maldestra"": compra la benzina dopo aver ucciso Giulia Tramontano, acquista il carrello per trasportare il cadavere il 30 maggio, piÃ¹ volte sposta la vittima lungo le scale condominiali, lascia la confezione di topicida in bella vista sebbene lo abbia somministrato alla ventinovenne mesi prima di ucciderla con 37 coltellate.
Impagnatiello si sente ""costretto"" in quella gravidanza non desiderata: lui che ""non vuole deludere la famiglia"" finisce per accettare ma solo in apparenza: per almeno un paio di mesi somministra alla vittima del veleno per topi. Per la difesa non ci sono elementi per parlare di premeditazione, nÃ© di dire con certezza da quanto venisse somministrato il topicida. Quanto all'aggravante della crudeltÃ  non sussiste ""perchÃ© i colpi sono stati sferrati con velocitÃ "". Giulia Tramontano, inizialmente colpita alle spalle, ""non ha tentato di difendersi e non ha avuto il tempo di rendersi conto di quello che stava accadendo"".
La difesa ha sottolineato di non aver mai percorso la strada dell'incapacitÃ  di intendere e di volere, ma la perizia disposta dai giudici di primo grado fa emergere Impagnatiello come un uomo con tratti narcisistici, ""poco sensibile ai bisogni e ai sentimenti degli altri"".
L'incontro tra le due donne ""ha provocato l'evento omicidiario"", ma dopo il delitto Impagnatiello ""ha avuto un atteggiamento collaborativo, ha immediatamente manifestato alla famiglia della vittima il suo pentimento e le sue scuse"". La difesa ha insistito sulla giustizia riparativa: l'imputato ""ha ammesso l'addebito, ha manifestato le scuse alla famiglia, ha intenzione di risarcire la famiglia"".
""Sono soddisfatta in parte perchÃ© i giudici hanno escluso l'aggravante della premeditazione, ma attendo di leggere le motivazioni. Alessandro Impagnatiello si Ã¨ reso conto di quello che ha fatto: ha chiesto scusa, ha tenuto una condotta collaborativa, crede nella giustizia riparativa e si impegnerÃ  a risarcire il danno per quanto possibile. Ãˆ incensurato, Ã¨ un ragazzo giovane e anche di questo bisogna tener conto"", ha poi detto l'avvocata Geradina al termine della sentenza d'appello con cui i giudici di Milano hanno confermato l'ergastolo per il trentaduenne. Sulla richiesta di giustizia riparativa la Corte si Ã¨ astenuta: la decisione sarÃ  presa con in un altro momento con un'ordinanza specifica.

""Vivrai in eterno nei cuori di chi ti ha sinceramente amata, ai quali hai donato la tua infinita dolcezza, gentilezza e bellezza"" sono le parole di papÃ  Franco accompagnate da una foto in primo piano al mare della ventiseienne. ""Cinque per sempre. Proprio cosÃ¬ per sempre. Oggi piÃ¹ che mai"" Ã¨, invece, la frase che completa un ritratto di famiglia postata sui social da mamma Loredana Femiano.
Roma, 25 giu. (Adnkronos) - La minaccia russa? ""La minaccia si Ã¨ giÃ  realizzata con l'invasione criminale dell'Ucraina, quindi Ã¨ evidente che l'Europa oggi non possa piÃ¹ affidarsi ad altri per la propria sicurezza"". Lo dice Elly Schlein a TagadÃ  su La7.
Roma, 25 giu. (Adnkronos) - La presidenza del Consiglio dei ministri aderisce alla campagna di sensibilizzazione per la 'Giornata internazionale contro le droghe', illuminando di colore blu la facciata principale di Palazzo Chigi e proiettando in bianco le parole 'No alla droga', dallâ€™imbrunire di oggi 25 giugno 2025 alle ore 23:59 di domani 26 giugno, con interruzione nelle ore diurne. Analoga iniziativa sarÃ  attivata da Palazzo Madama, Palazzo Montecitorio, Farnesina, Viminale, Palazzo Braschi e Colosseo, in accordo con Senato, Camera, ministeri degli Esteri e della cooperazione internazionale, dellâ€™Interno e della Cultura, Roma capitale.
Roma, 25 giu. (Adnkronos) - ""E' evidente che l'Europa oggi non possa piÃ¹ affidarsi ad altri per la propria sicurezza, perÃ² la storia dell'Europa nasce esattamente dalle ceneri di due guerre mondiali prodotte dal nazionalismo. PerchÃ© il nazionalismo nella storia ha sempre prodotto una cosa sola, la guerra"". Lo dice Elly Schlein a TagadÃ  su La7.
""E questi nazionalisti non hanno mai creduto nelle sedi multilaterali che infatti delegittimano costantemente. Quante volte Trump e Netanyahu ultimamente hanno attaccato e delegittimato sia le Nazioni Unite che le corti internazionali? I nazionalisti non hanno mai creduto nell'Europa unita, nell'Europa federale e in un esercito comune europeo. E guarda caso, guardi dove ci hanno portato oggi. Non ci hanno mai creduto e oggi ci raccontano che siccome l'Europa Ã¨ incompiuta e l'Onu Ã¨ fragile, allora bisogna riarmare i singoli Stati fino ai denti per garantire piÃ¹ sicurezza, ma Ã¨ una grande illusione"".
""La strada dell'integrazione europea, di un piano industriale anche di difesa, ma non solo di difesa europea, dove sono le prioritÃ  sociali e ambientali? Sarebbe il regalo maggiore a questi nazionalisti sgretolare l'Europa lasciando indietro il diritto alla casa, il diritto alla salute, il diritto al lavoro dignitoso. Prendiamo insieme questi obiettivi, come abbiamo fatto affrontando la pandemia, con il Next Generation EU, che dovremmo proseguire e rendere annuale 750 miliardi all'anno di investimenti comuni europei. Ãˆ la migliore risposta non solo alle sfide geopolitiche, ma anche a quelle economiche che stiamo affrontando. In Italia abbiamo le bollette piÃ¹ care d'Europa. La gente non ce la fa piÃ¹. a colpire lo stretto di Hormuz, che avrebbe voluto dire aumentare ulteriormente il costo dell'energia, che le imprese e i lavoratori italiani non riescono piÃ¹ a sostenere. Ma Giorgia Meloni si rende conto della situazione?"".
Roma, 25 giu. (Adnkronos) - ""La cosa grave che ha detto oggi la Presidente del Consiglio Ã¨ che non crede nella difesa comune europea. Ha detto c'Ã¨ giÃ  la Nato. Attenzione qui stiamo facendo una grande confusione. L'unico modo in uno scenario geopolitico cosÃ¬ incerto per garantire la sicurezza europea, Ã¨ fare un salto in avanti verso una difesa comune e integrata europea. Non certo verso il riarmo dei singoli benefici 27 stati europei con 27 diversi eserciti non coordinati tra di loro e privi quindi di un'efficacia deterrente anche verso Putin"". Lo dice Elly Schlein a TagadÃ  su La7.
Gentile lettore, la pubblicazione dei commenti Ã¨ sospesa dalle 20 alle 9, i commenti per ogni articolo saranno chiusi dopo 72 ore, il massimo di caratteri consentito per ogni messaggio Ã¨ di 1.500 e ogni utente puÃ² postare al massimo150 commenti alla settimana. Abbiamo deciso di impostare questi limiti per migliorare la qualitÃ  del dibattito. Ãˆ necessario attenersiTermini e Condizioni di utilizzo del sito (in particolare punti 3 e 5): evitare gli insulti, le accuse senza fondamento e mantenersi in tema con la discussione. I commenti saranno pubblicati dopo essere stati letti e approvati, ad eccezione di quelli pubblicati dagli utenti in white list (vedere il punto 3 della nostra policy). Infine non Ã¨ consentito accedere al servizio tramite account multipli. Vi preghiamo di segnalare eventuali problemi tecnici al nostrosupporto tecnicoLa Redazione
Cosa implicano le due scelte che ti proponiamo:Se clicchiâ€œAccetta i consensiâ€acconsenti in questo modo al trattamento dei tuoi dati personali mediante l'impiego di tutti i cookie presenti sul sito, fermo restando la possibilitÃ  di revocare il consenso in qualunque momento. Navigherai in modo totalmente gratuito e potrai visualizzare fino ad un massimo di 5 articoli al mese, e vedrai la pubblicitÃ .Che cosa sono i cookie?Se clicchi suâ€œRifiuta e Sostieniciâ€sottoscrivi un abbonamento Sostenitore a â€œilfattoquotidiano.itâ€, al costo promozionale di 1â‚¬ al mese per 3 mesi. A decorrere dal quarto mese il costo dell'abbonamento diverrÃ  di 5,99â‚¬ al mese, il tutto mantenendo le tue attuali impostazioni. Da abbonato potrai navigare senza alcun tipo di pubblicitÃ .
Abbonati a il Fatto Quotidiano.Facciamo un giornale con un solo padrone: i lettori.
Hai giÃ  un abbonamento?Accedi
Hai bisogno di ulteriori informazioni?Compara tutti i piani",Neutral
Anita MarkoviÄ‡,"PlenkoviÄ‡: Hrvatska ambasadorka napustila Kijev, ide u Lavov","Ambasadorka Hrvatske u Ukrajini Anica ÃamiÄ‡ napustila je KijevÂ i na putu je za Lavov, saopÅ¡tio je danas hrvatski premijer Andrej PlenkoviÄ‡.",https://www.telegraf.rs/vesti/jugosfera/3465499-plenkovic-hrvatska-ambasadorka-napustila-kijev-ide-u-lavov,Telegraf,general,en,rs,2022-03-02T09:24:09+00:00,"Ambasadorka Hrvatske u Ukrajini Anica ÃamiÄ‡ napustila jeKijevi na putu je zaLavov, saopÅ¡tio je danas hrvatski premijer Andrej PlenkoviÄ‡.
- S obzirom na pogorÅ¡anu bezbednosnu situaciju u Kijevu i napade na glavni grad Ukrajine, juÄe sam dao instrukcije naÅ¡oj ambasadorki Anici ÃamiÄ‡ da napusti Kijev - rekao je PlenkoviÄ‡ na konferenciji za novinare.
Ambasadorka je na putu prema Lavovu gde Ä‡e ostati i obavljati svoju duÅ¾nost, pomagati hrvatskim drÅ¾avljanima i pratiti situaciju u Ukrajini, prenosi hrvatski Index.

- Ona je dobro i verujemo da Ä‡e u Lavovu, gradu na zapadu Ukrajine, biti sigurna - rekao je PlenkoviÄ‡.
(Telegraf.rs/Tanjug)
PoÅ¡aljite nam VaÅ¡e snimke, fotografije i priÄe na broj telefona+381
                    64 8939257(WhatsApp/Viber/Telegram).
Telegraf.rs zadrÅ¾ava sva prava nad sadrÅ¾ajem. Za preuzimanje sadrÅ¾aja
            pogledajte uputstva na straniciUslovi
                koriÅ¡Ä‡enja.
Na kraju Ä‡e te  beÅ¾ati i iz Lavova zajedno sa faÅ¡istima i zavrÅ¡iti kao u Blajburgu.
Po zlocinu smestila se kod katolicke brace
Da li Å¾elite da dobijate obaveÅ¡tenja o najnovijim vestima?",Positive
Aleksandra PopoviÄ‡,I Hrvatska zatvara vazduÅ¡ni prostor za ruske avione: Ukrajincima Å¡alju oruÅ¾je,"Hrvatska Ä‡e zabraniti ulazak ruskim avionima u vazduÅ¡ni prostor, najavio je na konferenciji za medije hrvatski premijer Andrej PlenkoviÄ‡.",https://www.telegraf.rs/vesti/jugosfera/3464254-i-hrvatska-zatvara-vazdusni-prostor-za-ruske-avione-ukrajincima-salju-oruzje,Telegraf,general,en,rs,2022-02-27T17:50:50+00:00,"HrvatskaÄ‡e zabraniti ulazakruskim avionimau vazduÅ¡ni prostor, najavio je na konferenciji za medije hrvatski premijer Andrej PlenkoviÄ‡.
- Vlada je veÄ‡ na ovim konsultacijama danas donela politiÄku odluku da Ä‡emo zabraniti letove za naÅ¡ vazduÅ¡ni saobrtaÄ‡aj (ruskim) avionskim kompanijama - kazao je PlenkoviÄ‡, javljaIndex.
Hrvatski premijer je rekao da Ä‡e ta mera stupiti na snagu ""po moguÄ‡nosti veÄ‡ sutra"" (u ponedeljak)i da Ä‡e odluke biti usvojene na sednici vlade u ponedeljak.
Takvu su odluku ranije u nedelju, kao odgovor na rusku invaziju na Ukrajinu, donele NemaÄka, Italija i Francuska.
Ranije su ruskim vazduhoplovnim kompanijama ulazak u vazduÅ¡ni prostor zabranile Velika Britanija, Irska, Poljska, Bugarska, Rumunija, Slovenija, ÄŒeÅ¡ka, Finska, Litvanija, Letonija, Estonija. Raste popis evropskih zemalja pa se tako pridruÅ¾uju Å panija, Belgija, Holandija, Malta, Austrija, Severna Makedonija, Å vedska, Danska, NorveÅ¡ka i Island.
Izvan Evrope takvu je odluku najavila i Kanada, druga po veliÄini zemlja na planeti.
Pojedine drÅ¾ave Älanice Evropske unije, poput Francuske, NemaÄke, Poljske, SlovaÄke, Holandije i Belgije, donele su odluke o slanju uglavnom protivtenkovskog oruÅ¾ja i municije Ukrajini.
(Telegraf.rs)
PoÅ¡aljite nam VaÅ¡e snimke, fotografije i priÄe na broj telefona+381
                    64 8939257(WhatsApp/Viber/Telegram).
Telegraf.rs zadrÅ¾ava sva prava nad sadrÅ¾ajem. Za preuzimanje sadrÅ¾aja
            pogledajte uputstva na straniciUslovi
                koriÅ¡Ä‡enja.
ğŸ˜‚ğŸ˜‚ğŸ˜‚ Ñ…Ñ€Ğ²Ğ°Ñ‚ÑĞºÑƒ Ğ¿Ñ€ĞµĞ»ĞµÑ‚Ğµ Ğ¾Ğ½Ğ¸ Ğ½Ğµ ÑÑ‚Ğ¸Ğ³Ğ½Ñƒ Ğ½Ğ¸ Ğ´Ğ° Ğ¸Ñ… Ğ²Ğ¸Ğ´Ğµ Ğ½Ğ° Ñ€Ğ°Ğ´Ğ°Ñ€Ñƒ! ğŸ˜‚ğŸ˜‚ğŸ˜‚ 2.5 ÑĞµĞºÑƒĞ½Ğ´Ğ¸! ğŸ˜‚ğŸ˜‚ğŸ˜‚
Koje orzuje? PraÄ‡ke?
Otvaraju grob za sebe
Da li Å¾elite da dobijate obaveÅ¡tenja o najnovijim vestima?",Negative
Kristina Å ormaz,PlenkoviÄ‡: Sankcije Rusiji nije poslednja poruka Evrope,"Hrvatski premijer Andrej PlenkoviÄ‡ izjavio je, posle gotovo celonoÄ‡nog zasedanja Evropskog saveta i usvojenih zakljuÄaka o specijalnoj vojnoj akciji Rusije u Ukrajini, da ovo sigurno nije poslednja poruku koju Ä‡e Evropa poslati.",https://www.telegraf.rs/vesti/jugosfera/3463168-plenkovic-sankcije-rusiji-nije-poslednja-poruka-evrope,Telegraf,general,en,rs,2022-02-25T10:18:08+00:00,"Hrvatski premijerAndrej PlenkoviÄ‡izjavio je, posle gotovo celonoÄ‡nog zasedanja Evropskog saveta i usvojenih zakljuÄaka ospecijalnoj vojnoj akciji Rusije u Ukrajini, da ovo sigurno nije poslednja poruku koju Ä‡e Evropa poslati.
- ZakljuÄci na ovom nivou usvojeni su odmah, nakon pola sata sastanka. Kako bi se pre svega poslala poruka jedinstva. Tekst reflektuje zajedniÄki konsenzus drÅ¾ava Älanica nakon brutalne agresije i invazije Rusije na Ukrajinu - rekao je PlenkoviÄ‡ novinarima u Briselu.
Predsednica Evropske komisijeUrsula fon der Lajenobjavila je jutros na svom tviter nalogu da su se dogovorili o sankcijama Moskvi koje ciljaju na 70 odsto ruskog bankarskog trÅ¾iÅ¡ta i kljuÄne drÅ¾avne firme.

- Najavljeno je da Ä‡e, kako se situacija bude razvijala, doÄ‡i do novih paketa. Ovo je neÅ¡to Å¡to ima dinamiÄki karakter i sigurno nije poslednja poruka koju Ä‡e Evropa poslati Ukrajini - kazao je PlenkoviÄ‡.
On je ocenio da je ruska vojna akcija u Ukrajini ""agresija bez presedana"".
- JuÄeraÅ¡nja agresija ovoga tipa predstavlja praktiÄno poniÅ¡tenje svih vrednosti na kojima poÄiva meÄ‘unarodni poredak, predstavlja krÅ¡enje svih naÄela meÄ‘unarodnog prava. Ovo je napad koji je niÄim izazvan. Ovo je agresija bez presedana - rekao je PlenkoviÄ‡.
On je najavio i nove krize koje Ä‡e proizaÄ‡i iz ove situacije, poput energetske i izbegliÄke.
- PraktiÄno svaki drugi regionalni hegemoni ovoga tipa mogu po ovom modelu napraviti agresiju na bilo koju zemlju iz nekih njihovih razloga i nadati se da neÄ‡e biti nikakvih reperkusija po njih osim paketa sankcija. Ovo je na neki naÄin bitka izmeÄ‘u demokratskih sistema i onih gde se vlast ne menja Äesto - rekao je hrvatski premijer.

Na sastanku se, kaÅ¾e, raspravljalo o moguÄ‡nosti da se nestabilnosti preliju na jugoistok Evrope, odnosno na Zapadni Balkan.
- Ova situacija, kad pogledate apel predsednika Zelenskog, jako podseÄ‡a na Hrvatsku '91., vrlo je to sliÄno, samo Å¡to je invazija puno veÄ‡a, napad je jaÄi. Treba paziti na stabilnost i na situaciju i na Kosovu, Crnoj Gori i BiH i tu poruku smo poslali - rekao je premijer, prenela je zagrebaÄka N1 tv.
(Telegraf.rs)
PoÅ¡aljite nam VaÅ¡e snimke, fotografije i priÄe na broj telefona+381
                    64 8939257(WhatsApp/Viber/Telegram).
Telegraf.rs zadrÅ¾ava sva prava nad sadrÅ¾ajem. Za preuzimanje sadrÅ¾aja
            pogledajte uputstva na straniciUslovi
                koriÅ¡Ä‡enja.
On smatra sebe Evropom, on kaze da je to agresija?????!!!!!!
Ğ¨Ñ‚Ğ° ÑĞ¸ ÑĞµ Ñ‚Ğ¸ Ğ¿Ñ€ĞµĞ¿Ğ°Ğ¾? ĞšĞ°Ğ¾ Ğ´Ğ° Ñ‚Ğµ Ğ½ĞµĞºĞ¾ Ğ½ĞµÑˆÑ‚Ğ¾ Ğ¿Ğ¸Ñ‚Ğ°Ğ¾.
Eeee ako je to izjavio Plenkovic onda je to ozbiljna stvar,nije za salu.
Da li Å¾elite da dobijate obaveÅ¡tenja o najnovijim vestima?",Negative
MiloÅ¡ DojÄinoviÄ‡,PlenkoviÄ‡ razreÅ¡io Darka Horvata sa duÅ¾nosti,Premijer Hrvatske Andrej PlenkoviÄ‡ razreÅ¡io je saduÅ¾nosti uhapÅ¡enog ministra,https://www.telegraf.rs/vesti/jugosfera/3460637-plenkovic-razresio-darka-horvata-sa-duznosti,Telegraf,general,en,rs,2022-02-19T18:07:57+00:00,"Premijer Hrvatske Andrej PlenkoviÄ‡ razreÅ¡io je saduÅ¾nosti uhapÅ¡enog ministraDarka Horvata.
RazreÅ¡io ga je na liÄni zahtev, potvrdio je portparol vlade, prenosiindex.
Podsetimo,Â hrvatska policija je jutros u saradnji s USKOK-ompretraÅ¾ila kuÄ‡u ministra graÄ‘evinarstva Darka Horvata u MeÄ‘imurju, a uviÄ‘aj je povezan sa zloupotrebom poloÅ¾aja i ovlaÅ¡Ä‡enja. On je danas uhapÅ¡en, a kasnije i ispitan.
Kako se nezvaniÄno saznaje, radi se o istrazi zbog viÅ¡emilionskih nezakonitih malverzacija.
IstraÅ¾itelji proveravaju Horvatovu ulogu u zloupotrebama za koje je osumnjiÄena njegova nekadaÅ¡nja pomoÄ‡nica Ana Mandac.
(Telegraf.rs)
PoÅ¡aljite nam VaÅ¡e snimke, fotografije i priÄe na broj telefona+381
                    64 8939257(WhatsApp/Viber/Telegram).
Telegraf.rs zadrÅ¾ava sva prava nad sadrÅ¾ajem. Za preuzimanje sadrÅ¾aja
            pogledajte uputstva na straniciUslovi
                koriÅ¡Ä‡enja.
Svaka cast Hrvaskoj drzavi! Hajde da kod nas uhapse nekog ministra....
Pazi sinko sta radis, ti si ga rijeÅ¡io i razrijeÅ¡io . Ne zaboravi jedno, kad istekne mandat i tebe to isto Äeka. MoÅ¾da nece biti neki PlenkoviÄ‡ ali Ä‡e sigurno biti neki Jebenkovic.
Da li Å¾elite da dobijate obaveÅ¡tenja o najnovijim vestima?",Negative
